constraint,high,low,probability,runs,violations
miss_violation_m,0.1829635465605785,0.13764630273076217,0.159,1000,159
qbar_violation_pa,0.0038267584917018463,2.168404344971009e-19,0.0,1000,0
load_violation_g,0.0038267584917018463,2.168404344971009e-19,0.0,1000,0
