{
  "version": 1,
  "metric": "miss_distance_m",
  "features": [
    "drag_cd",
    "guidance_gain",
    "mass_kg",
    "sensor_bias_x_m",
    "sensor_bias_z_m",
    "sensor_noise_m",
    "thrust_n",
    "wind_x_mps",
    "wind_z_mps"
  ],
  "rows": 1000,
  "study_dir": "outputs/demo_expanded",
  "cross_validation": {
    "rmse": 43.84166453464639,
    "mae": 31.97982391041815,
    "r2": 0.7631011437778337
  },
  "model_type": "polynomial",
  "degree": 2,
  "x_mean": [
    0.22056481026060584,
    2.2499982369517006,
    42.16673174283478,
    -0.04859729577170623,
    0.057070791795456606,
    8.999794827735343,
    2200.0051965630123,
    0.0006915964063577755,
    -1.4805293062750469e-05
  ],
  "x_scale": [
    0.02430883716424099,
    0.3464232766191236,
    1.1241061509098755,
    14.546870063662443,
    8.201488770197667,
    5.196034889535848,
    119.64028078067265,
    5.9843527485686066,
    1.4991961959312952
  ],
  "terms": [
    [],
    [
      0
    ],
    [
      1
    ],
    [
      2
    ],
    [
      3
    ],
    [
      4
    ],
    [
      5
    ],
    [
      6
    ],
    [
      7
    ],
    [
      8
    ],
    [
      0,
      0
    ],
    [
      1,
      1
    ],
    [
      2,
      2
    ],
    [
      3,
      3
    ],
    [
      4,
      4
    ],
    [
      5,
      5
    ],
    [
      6,
      6
    ],
    [
      7,
      7
    ],
    [
      8,
      8
    ],
    [
      0,
      1
    ],
    [
      0,
      2
    ],
    [
      0,
      3
    ],
    [
      0,
      4
    ],
    [
      0,
      5
    ],
    [
      0,
      6
    ],
    [
      0,
      7
    ],
    [
      0,
      8
    ],
    [
      1,
      2
    ],
    [
      1,
      3
    ],
    [
      1,
      4
    ],
    [
      1,
      5
    ],
    [
      1,
      6
    ],
    [
      1,
      7
    ],
    [
      1,
      8
    ],
    [
      2,
      3
    ],
    [
      2,
      4
    ],
    [
      2,
      5
    ],
    [
      2,
      6
    ],
    [
      2,
      7
    ],
    [
      2,
      8
    ],
    [
      3,
      4
    ],
    [
      3,
      5
    ],
    [
      3,
      6
    ],
    [
      3,
      7
    ],
    [
      3,
      8
    ],
    [
      4,
      5
    ],
    [
      4,
      6
    ],
    [
      4,
      7
    ],
    [
      4,
      8
    ],
    [
      5,
      6
    ],
    [
      5,
      7
    ],
    [
      5,
      8
    ],
    [
      6,
      7
    ],
    [
      6,
      8
    ],
    [
      7,
      8
    ]
  ],
  "coefficients": [
    21.696360244569306,
    15.140027155874083,
    43.49102523317988,
    2.8872569301678164,
    -4.210379616279467,
    -38.374666667227956,
    0.7936305004190687,
    -15.804765757105256,
    -6.756410899487509,
    -3.5923772935113365,
    2.57305218144717,
    19.04092505977114,
    0.7508071769427722,
    0.0547271650842039,
    10.974680323816992,
    2.150884034745299,
    0.4244007386806183,
    1.112530659280905,
    1.2643720730310137,
    12.13012184499792,
    0.2850698748577206,
    -0.9970664953284029,
    -7.547579839532558,
    1.488680611028997,
    -3.467389329676966,
    -2.615565481854086,
    0.8847703344956851,
    1.7763785703913457,
    -0.6978276785583143,
    -33.22008035785341,
    0.29904774201351475,
    -12.567232475678678,
    -5.438187934471757,
    -2.941331321630914,
    -1.9812234302810723,
    -0.4992495205298842,
    1.1758820946487296,
    -2.099904728065647,
    0.1235661284160653,
    -1.7473683752123894,
    1.8086992783233764,
    -0.1883045752251703,
    0.7458878060032782,
    1.1143566431809253,
    1.3645348122159109,
    0.663174772225783,
    8.130886107395163,
    3.6073412239858933,
    2.110289452863668,
    0.7451688529518671,
    1.337472402691561,
    -0.5658640333145407,
    0.47855679529369954,
    0.9897750097093536,
    1.0151078286185098
  ],
  "train_metrics": {
    "rmse": 40.77685433872638,
    "mae": 29.867289276728545,
    "r2": 0.7950649064763593
  }
}