{
  "runs": 1000,
  "success_rate": 0.841,
  "metrics": {
    "miss_distance_m": {
      "min": 0.7617898950204289,
      "p01": 3.5007097358785733,
      "p05": 8.897015839769034,
      "p50": 24.271748354872237,
      "p95": 274.478755282259,
      "p99": 310.26557468473686,
      "max": 380.42323797092286,
      "mean": 60.60845208586801,
      "std": 90.07526587036706
    },
    "max_qbar_pa": {
      "min": 112764.76673281228,
      "p01": 120448.81082305277,
      "p05": 127100.44174500096,
      "p50": 145687.64170854402,
      "p95": 161972.42934218392,
      "p99": 167461.78360048527,
      "max": 175845.85854374405,
      "mean": 145286.26448396195,
      "std": 10280.56830503377
    },
    "max_load_g": {
      "min": 4.219138692156658,
      "p01": 4.477413711914274,
      "p05": 4.751662906049287,
      "p50": 5.480727742760619,
      "p95": 9.228890530186831,
      "p99": 9.739205990028294,
      "max": 10.434789819214316,
      "mean": 6.499569958883575,
      "std": 1.7094209179179387
    },
    "terminal_speed_mps": {
      "min": 292.0520322473778,
      "p01": 303.82848240089334,
      "p05": 316.2521452399726,
      "p50": 496.83697976133624,
      "p95": 541.6883937225174,
      "p99": 550.6014936663097,
      "max": 560.5816431514929,
      "mean": 446.43222220934933,
      "std": 88.27596296453906
    },
    "time_of_flight_s": {
      "min": 8.04999999999998,
      "p01": 8.249999999999982,
      "p05": 8.449999999999985,
      "p50": 8.999999999999993,
      "p95": 11.700000000000031,
      "p99": 12.000000000000036,
      "max": 12.150000000000038,
      "mean": 9.784250000000004,
      "std": 1.2851398513391634
    },
    "robustness_margin": {
      "min": -150.42323797092286,
      "p01": -80.26557468473693,
      "p05": -44.478755282259,
      "p50": 50.85226956759323,
      "p95": 66.32130079737959,
      "p99": 72.55347012729115,
      "max": 79.51611328607811,
      "mean": 38.52882288407772,
      "std": 35.19775436491652
    }
  },
  "miss_distance_m": {
    "min": 0.7617898950204289,
    "p01": 3.5007097358785733,
    "p05": 8.897015839769034,
    "p50": 24.271748354872237,
    "p95": 274.478755282259,
    "p99": 310.26557468473686,
    "max": 380.42323797092286,
    "mean": 60.60845208586801,
    "std": 90.07526587036706
  },
  "max_qbar_pa": {
    "min": 112764.76673281228,
    "p01": 120448.81082305277,
    "p05": 127100.44174500096,
    "p50": 145687.64170854402,
    "p95": 161972.42934218392,
    "p99": 167461.78360048527,
    "max": 175845.85854374405,
    "mean": 145286.26448396195,
    "std": 10280.56830503377
  },
  "failure_reasons": [
    {
      "failure_reason": "none",
      "count": 841,
      "fraction": 0.841
    },
    {
      "failure_reason": "ground_intercept",
      "count": 159,
      "fraction": 0.159
    }
  ],
  "top_sensitivities": [
    {
      "parameter": "guidance_gain",
      "metric": "miss_distance_m",
      "pearson": 0.5036284569914576,
      "rank_correlation": 0.6453679533679534,
      "partial_rank_correlation": 0.8147958691865218,
      "success_correlation": -0.46768589717967135,
      "failure_reason": "ground_intercept",
      "failure_reason_correlation": 0.46768589717967135,
      "tornado_low": 16.698795797532277,
      "tornado_high": 34.668931192509234,
      "tornado_delta": 17.970135394976957,
      "variance_contribution_proxy": 0.43852837186131133,
      "score": 1.0141036561586
    },
    {
      "parameter": "sensor_bias_z_m",
      "metric": "miss_distance_m",
      "pearson": -0.44631858212241937,
      "rank_correlation": -0.5835478875478876,
      "partial_rank_correlation": -0.7551049567073649,
      "success_correlation": 0.40126174600249764,
      "failure_reason": "ground_intercept",
      "failure_reason_correlation": -0.40126174600249764,
      "tornado_low": 33.46000385445323,
      "tornado_high": 17.75615394263174,
      "tornado_delta": -15.703849911821486,
      "variance_contribution_proxy": 0.3444031468870389,
      "score": 0.9070226151097216
    },
    {
      "parameter": "sensor_bias_x_m",
      "metric": "miss_distance_m",
      "pearson": -0.20490322165291544,
      "rank_correlation": -0.2715987795987796,
      "partial_rank_correlation": -0.13081821004865482,
      "success_correlation": 0.17433565440825063,
      "failure_reason": "ground_intercept",
      "failure_reason_correlation": -0.17433565440825063,
      "tornado_low": 29.05041467706517,
      "tornado_high": 20.792021406306933,
      "tornado_delta": -8.258393270758237,
      "variance_contribution_proxy": 0.07258965747997656,
      "score": 0.41763430402729995
    },
    {
      "parameter": "thrust_n",
      "metric": "miss_distance_m",
      "pearson": -0.2018881989170461,
      "rank_correlation": -0.260005748005748,
      "partial_rank_correlation": -0.5621334639158448,
      "success_correlation": 0.17499486532538822,
      "failure_reason": "ground_intercept",
      "failure_reason_correlation": -0.1749948653253882,
      "tornado_low": 29.168744705364027,
      "tornado_high": 20.861225292407525,
      "tornado_delta": -8.307519412956502,
      "variance_contribution_proxy": 0.07046915126386757,
      "score": 0.4046985637956181
    },
    {
      "parameter": "drag_cd",
      "metric": "miss_distance_m",
      "pearson": 0.15521086834293346,
      "rank_correlation": 0.1798088878088878,
      "partial_rank_correlation": 0.383035457172979,
      "success_correlation": -0.14314413525088618,
      "failure_reason": "ground_intercept",
      "failure_reason_correlation": 0.14314413525088618,
      "tornado_low": 21.816752368567997,
      "tornado_high": 26.270045530539143,
      "tornado_delta": 4.453293161971146,
      "variance_contribution_proxy": 0.04165061618857513,
      "score": 0.2932003557930761
    },
    {
      "parameter": "wind_x_mps",
      "metric": "miss_distance_m",
      "pearson": -0.09226103675242608,
      "rank_correlation": -0.12760207960207962,
      "partial_rank_correlation": -0.22835196101171443,
      "success_correlation": 0.08434549326340256,
      "failure_reason": "ground_intercept",
      "failure_reason_correlation": -0.08434549326340253,
      "tornado_low": 26.640684575597238,
      "tornado_high": 22.91101376779266,
      "tornado_delta": -3.7296708078045775,
      "variance_contribution_proxy": 0.014716815139732052,
      "score": 0.1948189712941433
    },
    {
      "parameter": "wind_z_mps",
      "metric": "miss_distance_m",
      "pearson": -0.08206505590230818,
      "rank_correlation": -0.12343267543267544,
      "partial_rank_correlation": -0.19972904792120968,
      "success_correlation": 0.06702979056624561,
      "failure_reason": "ground_intercept",
      "failure_reason_correlation": -0.06702979056624561,
      "tornado_low": 26.71082069893597,
      "tornado_high": 22.790251958487673,
      "tornado_delta": -3.920568740448296,
      "variance_contribution_proxy": 0.011643772539729575,
      "score": 0.18122265102539092
    },
    {
      "parameter": "mass_kg",
      "metric": "miss_distance_m",
      "pearson": 0.0323709935947401,
      "rank_correlation": 0.053916593916593925,
      "partial_rank_correlation": 0.17151212362174376,
      "success_correlation": -0.02349714196221892,
      "failure_reason": "ground_intercept",
      "failure_reason_correlation": 0.02349714196221892,
      "tornado_low": 24.1728675984994,
      "tornado_high": 26.801502006766228,
      "tornado_delta": 2.6286344082668265,
      "variance_contribution_proxy": 0.001811712301796799,
      "score": 0.0759763762045187
    },
    {
      "parameter": "sensor_noise_m",
      "metric": "miss_distance_m",
      "pearson": 0.049209647763596216,
      "rank_correlation": 0.032631140631140636,
      "partial_rank_correlation": 0.032959770411675374,
      "success_correlation": -0.04409536709255177,
      "failure_reason": "ground_intercept",
      "failure_reason_correlation": 0.04409536709255177,
      "tornado_low": 24.72673038486071,