{
  "cases": 32,
  "failures": 16,
  "worst_case": {
    "case": 23,
    "mass_kg": 45.0,
    "thrust_n": 1850.0,
    "drag_cd": 0.32,
    "wind_x_mps": -18.0,
    "wind_z_mps": -5.0,
    "guidance_gain": 2.85,
    "sensor_noise_m": 18.0,
    "miss_distance_m": 438.0714503933374,
    "crossrange_error_m": 0.614363825486536,
    "downrange_error_m": -438.0683010312214,
    "terminal_altitude_m": -1.5433205860685049,
    "terminal_speed_mps": 412.4027508128296,
    "terminal_flight_path_angle_deg": -9.27562683118035,
    "time_of_flight_s": 9.099999999999994,
    "max_qbar_pa": 100912.6544561144,
    "max_load_g": 3.90767350453985,
    "impulse_n_s": 16835.0,
    "fuel_used_kg": 4.929166666666063,
    "integrated_control_effort": 0.5862002938542578,
    "robustness_margin": -208.0714503933374,
    "qbar_violation_pa": 0.0,
    "load_violation_g": 0.0,
    "miss_violation_m": 208.0714503933374,
    "ground_violation_m": 1.5433205860685049,
    "final_x_m": 2561.9316989687786,
    "final_y_m": 0.614363825486536,
    "final_z_m": -1.5433205860685049,
    "success": false,
    "failed": true,
    "failure_reason": "ground_intercept",
    "mission_model": "point_mass"
  }
}