{
  "campaign_dir": "/Users/avipatel/Documents/New project 3/monte_carlo_trade_space_explorer/outputs/campaign_resume_example",
  "scenario": "baseline_latin",
  "run": 0,
  "seed": 106755,
  "sample": {
    "wind_x_mps": 1.0763414043288788,
    "wind_z_mps": 2.05879186431128,
    "mass_kg": 41.31372541135061,
    "thrust_n": 2128.0592543977054,
    "drag_cd": 0.21152743887980274,
    "guidance_gain": 1.8164902606475408,
    "sensor_noise_m": 16.818899297148484,
    "sensor_bias_x_m": -9.544430660553367,
    "sensor_bias_z_m": 1.5411097322790304,
    "run_seed": 106755
  },
  "result": {
    "miss_distance_m": 15.835205001989097,
    "crossrange_error_m": -0.6104605000020877,
    "downrange_error_m": -12.910933498447775,
    "terminal_altitude_m": -9.14816110656217,
    "terminal_speed_mps": 515.6395625563638,
    "terminal_flight_path_angle_deg": -8.63464716751442,
    "time_of_flight_s": 8.949999999999992,
    "max_qbar_pa": 145186.16776908646,
    "max_load_g": 5.086166427214182,
    "impulse_n_s": 19046.130326859497,
    "fuel_used_kg": 4.847916666666073,
    "integrated_control_effort": 0.5540899152753683,
    "robustness_margin": 54.81383223091354,
    "qbar_violation_pa": 0.0,
    "load_violation_g": 0.0,
    "miss_violation_m": 0.0,
    "ground_violation_m": 9.14816110656217,
    "final_x_m": 2987.089066501552,
    "final_y_m": -0.6104605000020877,
    "final_z_m": -9.14816110656217,
    "success": true,
    "failed": false,
    "failure_reason": "none",
    "mission_model": "point_mass"
  },
  "config_hash": "ed9ea66ca34f446afbedb900bd9622a51a7bb2135277c464a6abcdc975c55a21",
  "replayed_utc": "2026-04-27T01:37:02.097999+00:00"
}