{
  "method": "genetic",
  "iterations": 8,
  "population": 10,
  "evaluations": 80,
  "best_design": {
    "candidate": 24,
    "guidance_gain": 1.4,
    "thrust_n": 1911.7319720984383,
    "burn_time_s": 10.326465812382772,
    "miss_distance_m": 10.405368177894035,
    "crossrange_error_m": 0.0,
    "downrange_error_m": -4.393670484244922,
    "terminal_altitude_m": -9.432250346200785,
    "terminal_speed_mps": 488.704795758071,
    "terminal_flight_path_angle_deg": -9.570138528812251,
    "time_of_flight_s": 9.399999999999999,
    "max_qbar_pa": 130633.9782342726,
    "max_load_g": 4.468578785400979,
    "impulse_n_s": 17970.28053772525,
    "fuel_used_kg": 5.91683554762173,
    "integrated_control_effort": 0.449907104237184,
    "robustness_margin": 69.36602176572741,
    "qbar_violation_pa": 0.0,
    "load_violation_g": 0.0,
    "miss_violation_m": 0.0,
    "ground_violation_m": 9.432250346200785,
    "final_x_m": 2995.606329515755,
    "final_y_m": 0.0,
    "final_z_m": -9.432250346200785,
    "success": true,
    "failed": false,
    "failure_reason": "none",
    "mission_model": "point_mass",
    "generation": 2,
    "optimizer_score": 17.970745450760173,
    "feasible": true,
    "dominance_rank": 0,
    "robustness_score": 69.15791440216952,
    "miss_distance_m_percentile_score": 0.4177215189873418,
    "impulse_n_s_percentile_score": 0.9620253164556962,
    "robustness_margin_percentile_score": 0.9873417721518988,
    "percentile_score": 0.7890295358649789
  },
  "pareto_rows": 18
}