{
  "input_rows": 80,
  "feasible_rows": 80,
  "pareto_rows": 1,
  "best_design": {
    "success": true,
    "failure_reason": "none",
    "miss_distance_m": 17.452264867415,
    "robustness_margin": 70.44320631440372,
    "max_qbar_pa": 129556.79368559628,
    "max_load_g": 4.440325003516191,
    "time_of_flight_s": 9.399999999999999,
    "impulse_n_s": 17860.0,
    "burn_time_s": 10.326465812382772,
    "candidate": 27.0,
    "crossrange_error_m": 0.0,
    "downrange_error_m": -15.097330563760806,
    "failed": false,
    "final_x_m": 2984.902669436239,
    "final_y_m": 0.0,
    "final_z_m": -8.75512186385442,
    "fuel_used_kg": 5.91683554762173,
    "generation": 2.0,
    "ground_violation_m": 8.75512186385442,
    "guidance_gain": 1.4217772971323375,
    "integrated_control_effort": 0.4491666266747133,
    "load_violation_g": 0.0,
    "miss_violation_m": 0.0,
    "mission_model": "point_mass",
    "optimizer_score": 24.74578392025444,
    "qbar_violation_pa": 0.0,
    "terminal_altitude_m": -8.75512186385442,
    "terminal_flight_path_angle_deg": -9.574405741650292,
    "terminal_speed_mps": 486.7122625156144,
    "thrust_n": 1900.0,
    "feasible": true,
    "dominance_rank": 0,
    "robustness_score": 70.09416101705543,
    "miss_p95_m_percentile_score": 0.5,
    "robustness_margin_percentile_score": 1.0,
    "success_rate_percentile_score": 0.5,
    "percentile_score": 0.6666666666666666
  }
}