{
  "input_rows": 90,
  "feasible_rows": 90,
  "pareto_rows": 23,
  "best_design": {
    "case": 9.0,
    "replicate": 5.0,
    "success": true,
    "failure_reason": "none",
    "miss_distance_m": 10.96522582049435,
    "robustness_margin": 62.582586961742464,
    "max_qbar_pa": 137417.41303825754,
    "max_load_g": 5.052529371362774,
    "time_of_flight_s": 8.999999999999993,
    "impulse_n_s": 19360.93066168854,
    "crossrange_error_m": -0.00892286775120737,
    "downrange_error_m": 3.001850417523201,
    "failed": false,
    "final_x_m": 3003.001850417523,
    "final_y_m": -0.00892286775120737,
    "final_z_m": -10.546325983378424,
    "fuel_used_kg": 4.874999999999403,
    "ground_violation_m": 10.546325983378424,
    "guidance_gain": 2.6,
    "integrated_control_effort": 0.543273484774749,
    "load_violation_g": 0.0,
    "miss_violation_m": 0.0,
    "mission_model": "point_mass",
    "qbar_violation_pa": 0.0,
    "terminal_altitude_m": -10.546325983378424,
    "terminal_flight_path_angle_deg": -8.263047717586982,
    "terminal_speed_mps": 515.0721010158533,
    "thrust_n": 2000.0,
    "feasible": true,
    "dominance_rank": 0,
    "robustness_score": 62.36328244533258,
    "miss_distance_m_percentile_score": 0.9213483146067416,
    "impulse_n_s_percentile_score": 0.9325842696629214,
    "robustness_margin_percentile_score": 0.8539325842696629,
    "percentile_score": 0.902621722846442
  }
}