{
  "input_rows": 80,
  "feasible_rows": 78,
  "pareto_rows": 17,
  "best_design": {
    "success": true,
    "failure_reason": "none",
    "miss_distance_m": 1.4637060817260212,
    "robustness_margin": 50.90112223349002,
    "max_qbar_pa": 149098.87776650998,
    "max_load_g": 5.190042182203384,
    "time_of_flight_s": 8.899999999999991,
    "impulse_n_s": 19665.269099800957,
    "burn_time_s": 10.597044532238058,
    "candidate": 51.0,
    "crossrange_error_m": 0.0,
    "downrange_error_m": -0.4884537152347548,
    "failed": false,
    "final_x_m": 2999.5115462847652,
    "final_y_m": 0.0,
    "final_z_m": -1.3798001528319626,
    "fuel_used_kg": 5.4590692550186475,
    "generation": 5.0,
    "ground_violation_m": 1.3798001528319626,
    "guidance_gain": 1.446640101422136,
    "integrated_control_effort": 0.40507074265512355,
    "load_violation_g": 0.0,
    "miss_violation_m": 0.0,
    "mission_model": "point_mass",
    "optimizer_score": 13.493806846503473,
    "qbar_violation_pa": 0.0,
    "terminal_altitude_m": -1.3798001528319626,
    "terminal_flight_path_angle_deg": -9.265854258363778,
    "terminal_speed_mps": 522.409262580603,
    "thrust_n": 2209.5807977304403,
    "feasible": true,
    "dominance_rank": 0,
    "robustness_score": 50.8718481118555,
    "miss_distance_m_percentile_score": 0.8734177215189873,
    "impulse_n_s_percentile_score": 0.620253164556962,
    "percentile_score": 0.7468354430379747
  }
}