case,success,failure_reason,miss_distance_m,robustness_margin,max_qbar_pa,impulse_n_s,dominance_rank,feasible,guidance_gain,impulse_n_s_percentile_score,miss_distance_m_percentile_score,miss_p95_m,pareto,percentile_score,robustness_margin_percentile_score,robustness_score,runs,success_rate,thrust_n
9,True,aggregate,14.601085902329574,35.07117269135462,164928.82730864538,19888.03652303921,0,True,2.6,1.0,1.0,18.24887958514409,True,0.7857142857142857,0.3571428571428572,34.77915097330803,6,1.0,2000.0
12,True,aggregate,16.908461228144308,41.439296285775924,158560.70371422407,20623.296553934597,0,True,3.0,0.7857142857142857,0.7142857142857143,23.630743260736864,True,0.6666666666666666,0.5,41.10112706121304,6,1.0,2000.0
14,True,aggregate,18.93274401287232,42.120914808796314,157879.0851912037,20619.318435610734,0,True,3.0,0.8571428571428572,0.4285714285714286,23.630743260736864,True,0.6428571428571429,0.6428571428571429,41.74225992853887,6,1.0,2400.0
11,True,aggregate,16.080829156479034,41.439296285775924,158560.70371422407,20758.390090487883,0,True,2.6,0.6428571428571429,0.7857142857142857,22.349352874861566,True,0.6190476190476191,0.4285714285714286,41.11767970264634,6,1.0,2400.0
1,True,aggregate,20.403847001508815,45.8673984284995,154132.6015715005,21807.67343083164,0,True,1.4,0.4285714285714286,0.3571428571428572,31.29174253709135,True,0.5952380952380952,1.0,45.45932148846932,6,1.0,2200.0
0,True,aggregate,22.787901799856655,45.8673984284995,154132.6015715005,21793.39470503586,0,True,1.4,0.5,0.2142857142857143,31.29174253709135,True,0.5476190476190476,0.9285714285714286,45.41164039250236,6,1.0,2000.0
