{
  "method": "random",
  "iterations": 4,
  "population": 8,
  "evaluations": 32,
  "best_design": {
    "candidate": 22,
    "guidance_gain": 1.4627975708637504,
    "thrust_n": 1908.3771306266633,
    "burn_time_s": 9.76431515461244,
    "miss_distance_m": 12.05074531007178,
    "crossrange_error_m": 0.0,
    "downrange_error_m": -3.6012470386122004,
    "terminal_altitude_m": -11.500064447432626,
    "terminal_speed_mps": 489.1255029704397,
    "terminal_flight_path_angle_deg": -9.469443651488243,
    "time_of_flight_s": 9.399999999999999,
    "max_qbar_pa": 130884.77326217594,
    "max_load_g": 4.461814708306764,
    "impulse_n_s": 17938.74502789061,
    "fuel_used_kg": 6.257479304234039,
    "integrated_control_effort": 0.4615623464896177,
    "robustness_margin": 69.11522673782406,
    "qbar_violation_pa": 0.0,
    "load_violation_g": 0.0,
    "miss_violation_m": 0.0,
    "ground_violation_m": 11.500064447432626,
    "final_x_m": 2996.398752961388,
    "final_y_m": 0.0,
    "final_z_m": -11.500064447432626,
    "success": true,
    "failed": false,
    "failure_reason": "none",
    "mission_model": "point_mass",
    "generation": 2,
    "optimizer_score": 19.622206327288787,
    "feasible": true,
    "dominance_rank": 0,
    "robustness_score": 68.87421183162262,
    "miss_distance_m_percentile_score": 0.8709677419354839,
    "impulse_n_s_percentile_score": 0.935483870967742,
    "robustness_margin_percentile_score": 0.967741935483871,
    "percentile_score": 0.924731182795699
  },
  "pareto_rows": 4
}